user_id,request_id,candidate_id,event_category,event_flexibility_type,event_duration_min,has_deadline,hours_until_deadline,is_after_deadline,candidate_hour,candidate_dayofweek,is_weekend,days_delayed,candidate_slot_length_min,extra_time_margin_min,gap_before_min,gap_after_min,min_adjacent_gap_min,is_back_to_back,num_events_same_day,schedule_load_score,tired,stressed,overwhelmed,anxious,sad,intensity_word,wants_reschedule,preferred_time_block,candidate_time_block,preferred_hour_match,has_location,travel_time_from_prev_min,travel_time_to_next_min,has_travel_buffer,score,rank
U003,DEMO001,C2,study,flexible,60,1,48,0,10,Thu,0,1,120,60,120,110,110,0,2,0.28,1,1,0,0,0,1,1,morning,morning,1,0,0,0,1,95.57,1
U003,DEMO001,C3,study,flexible,60,1,48,0,15,Wed,0,0,90,30,55,70,55,0,4,0.52,1,1,0,0,0,1,1,morning,afternoon,0,0,0,0,1,69.59,2
U003,DEMO001,C1,study,flexible,60,1,48,0,22,Wed,0,0,90,30,20,30,20,0,5,0.72,1,1,0,0,0,1,1,morning,night,0,0,0,0,1,67.5,3
U003,DEMO001,C4,study,flexible,60,1,48,0,18,Thu,0,1,75,15,40,35,35,0,5,0.67,1,1,0,0,0,1,1,morning,evening,0,0,0,0,1,59.48,4
U017,DEMO002,C1,personal_task,flexible,45,0,-1,0,14,Mon,0,1,120,75,150,160,150,0,1,0.16,0,0,1,0,0,1,1,afternoon,afternoon,1,1,15,20,1,81.24,1
U017,DEMO002,C4,personal_task,flexible,45,0,-1,0,16,Mon,0,1,90,45,95,100,95,0,2,0.3,0,0,1,0,0,1,1,afternoon,afternoon,1,1,25,20,1,71.97,2
U017,DEMO002,C2,personal_task,flexible,45,0,-1,0,10,Tue,0,2,75,30,45,40,40,0,4,0.58,0,0,1,0,0,1,1,afternoon,morning,0,1,35,25,1,30.75,3
U017,DEMO002,C3,personal_task,flexible,45,0,-1,0,17,Wed,0,3,60,15,15,25,15,1,6,0.86,0,0,1,0,0,1,1,afternoon,evening,0,1,20,30,0,1.79,4
U030,DEMO003,C2,meeting,semi_flexible,90,1,36,0,18,Thu,0,0,150,60,120,130,120,0,2,0.26,0,0,0,1,1,0,1,night,evening,0,1,20,20,1,92.25,1
U030,DEMO003,C3,meeting,semi_flexible,90,1,36,0,11,Fri,0,1,120,30,70,60,60,0,3,0.43,0,0,0,1,1,0,1,night,morning,0,1,25,20,1,85.47,2
U030,DEMO003,C1,meeting,semi_flexible,90,1,36,0,21,Fri,0,1,120,30,35,30,30,0,5,0.66,0,0,0,1,1,0,1,night,night,1,1,25,35,0,70.42,3
U030,DEMO003,C4,meeting,semi_flexible,90,1,36,1,23,Sat,1,2,120,30,100,90,90,0,2,0.34,0,0,0,1,1,0,1,night,night,1,1,15,20,1,56.54,4
